{
  "model_info": {
    "model_name": "Stacking",
    "model_type": "StackingClassifier",
    "saved_at": "2026-01-15T17:08:37.369022",
    "best_roc_auc": 0.9253307066918816,
    "best_params": {},
    "feature_names": [
      "f01",
      "f02",
      "f03",
      "f04",
      "f05",
      "f06",
      "f07",
      "f08",
      "f09",
      "f10",
      "f11",
      "f12",
      "f13",
      "f14",
      "f15",
      "f16",
      "f17",
      "f18",
      "f19",
      "f20",
      "f21",
      "f22",
      "f23",
      "f24",
      "f25",
      "f26",
      "f27",
      "f28",
      "f29",
      "f30",
      "f31",
      "f32",
      "f33",
      "f34",
      "f35",
      "x_int_1",
      "x_int_2"
    ],
    "feature_count": 37
  },
  "test_metrics": {
    "Accuracy": 0.9044444444444445,
    "Precision": 0.8716049382716049,
    "Recall": 0.7463002114164905,
    "F1-score": 0.8041002277904328,
    "ROC-AUC": 0.9253307066918816
  },
  "performance_summary": {
    "best_metric": "ROC-AUC",
    "best_value": 0.9253307066918816,
    "comparison_baseline": 0.5,
    "improvement_over_random": "85.1%",
    "is_better_than_random": true
  },
  "data_info": {
    "n_samples_train": 10800,
    "n_features": 37,
    "n_samples_val": 3600
  }
}