{
  "model_info": {
    "best_model_name": "Stacking",
    "best_roc_auc": 0.9273245050269531,
    "feature_names": [
      "f01",
      "f02",
      "f03",
      "f04",
      "f05",
      "f06",
      "f07",
      "f08",
      "f09",
      "f10",
      "f11",
      "f12",
      "f13",
      "f14",
      "f15",
      "f16",
      "f17",
      "f18",
      "f19",
      "f20",
      "f21",
      "f22",
      "f23",
      "f24",
      "f25",
      "f26",
      "f27",
      "f28",
      "f29",
      "f30",
      "f31",
      "f32",
      "f33",
      "f34",
      "f35",
      "x_int_1",
      "x_int_2"
    ],
    "feature_count": 37
  },
  "test_metrics": {
    "Accuracy": 0.9038888888888889,
    "Precision": 0.8621523579201935,
    "Recall": 0.7544973544973544,
    "F1-score": 0.8047404063205418,
    "ROC-AUC": 0.9273245050269531
  },
  "performance_summary": {
    "best_metric": "ROC-AUC",
    "best_value": 0.9273245050269531,
    "comparison_baseline": 0.5,
    "improvement_over_random": "85.5%",
    "is_better_than_random": true
  },
  "data_info": {
    "n_samples_train": 14400,
    "n_features": 37,
    "n_samples_val": 3600
  }
}