experiment_id,dataset,seed,model_summary,optimizer,lr,momentum,weight_decay,epochs_trained,best_val_accuracy,best_val_loss,best_epoch
E1,EMNIST,42,"MLP,(512, 256, 128),ReLU",Adam,0.001,,0.0,20,0.8513020833333333,0.49413815405633715,16
E2,EMNIST,42,"MLP,(512, 256, 128),dropout 0.3,ReLU",Adam,0.001,,0.0,20,0.8545138888888889,0.43307242261038886,19
E3,EMNIST,42,"MLP,(512, 256, 128),bn,ReLU",Adam,0.001,,0.0,20,0.8600694444444444,0.4376634018288718,9
E4,EMNIST,42,"MLP,[512, 256, 128],bn,ReLU",Adam,0.001,,0.0,13,0.8600694444444444,0.4376634018288718,9
O1,EMNIST,42,"MLP,[512, 256, 128],bn,ReLU",Adam,0.1,,0.0,6,0.8537326388888888,0.4257962968614366,6
O2,EMNIST,42,"MLP,[512, 256, 128],bn,ReLU",Adam,1e-05,,0.0,6,0.6736111111111112,1.8537952025731406,6
O3,EMNIST,42,"MLP,[512, 256, 128],bn,ReLU",SGD,0.001,0.9,0.0001,10,0.8368055555555556,0.5412071956528558,10
