experiment_id,dataset,seed,model_summary,optimizer,lr,momentum,weight_decay,epochs_trained,best_val_accuracy,best_val_loss,best_epoch
E0_baseline,EMNIST,42,"MLP(256, 128)_relu",Adam,0.001,,0.0,20,0.8481770833333333,0.4778776420487298,14
E1_deeper,EMNIST,42,"MLP(512, 256, 128)_relu",Adam,0.001,,0.0,20,0.8513020833333333,0.49413815405633715,16
E2_dropout,EMNIST,42,"MLP(512, 256, 128)_dropout0.3_relu",Adam,0.001,,0.0,20,0.8545138888888889,0.43307242261038886,19
E3_batchnorm,EMNIST,42,"MLP(512, 256, 128)_bn_relu",Adam,0.001,,0.0,20,0.8600694444444444,0.4376634018288718,9
E4_best_choice,EMNIST,42,"MLP(512, 256, 128)_bn_relu",Adam,0.001,,0.0,13,0.8600694444444444,0.4376634018288718,9
O1_lr_too_high,EMNIST,42,"MLP(512, 256, 128)_bn_relu",Adam,0.1,,0.0,6,0.8537326388888888,0.4257962968614366,6
O2_lr_too_low,EMNIST,42,"MLP(512, 256, 128)_bn_relu",Adam,1e-05,,0.0,6,0.6736111111111112,1.8537952025731406,6
O3_SGD_wd,EMNIST,42,"MLP(512, 256, 128)_bn_relu",SGD,0.001,0.9,0.0001,10,0.8368055555555556,0.5412071956528558,10
